{
	"Help": {
		"APi": {
			"说明": "API使用CMD解析，为其它类方法或者函数提供统一接口",
			"格式": "字符串：命令 参数=值"
		},
		"Return": {
			"StringJson": "调用成功",
			"[true]": "调用成功",
			"[false]": "调用失败",
			"[NULL]": "不存在命令"
		},
		"Device": {
			"说明": "设置设备类型",
			"对应值": {
				"1": "净水器(Water Purifier)",
				"2": "电热毯(Electric blanket)",
				"3": "网关 (Gateway)",
				"4": "电压力锅 (Electric pressure cooker)",
				"5": "壁挂炉(Boiler)",
				"6": "自动门(Automatic door)",
				"7": "电水壶(Electric kettle)",
				"8": "干衣机(Clothes dryer)",
				"9": "除湿器(Dehumidifier)",
				"10": "猫眼 (Cat's eye)",
				"11": "冰箱 (Refrigerator)",
				"12": "推窗器(Window pusher)",
				"13": "空调机(Air conditioner)",
				"14": "晾衣杆(Clothes rod)",
				"15": "破壁机(Breaking machine)",
				"16": "烤箱 (Oven)",
				"17": "灯(Light)",
				"18": "窗帘 (Curtain)",
				"19": "浴霸 (Yuba)",
				"20": "插座 (Socket)",
				"21": "入墙开关 (Wall switch)",
				"22": "摄像头(Camera)",
				"23": "电热水器 (Water heater)",
				"24": "HVAC外接控制器(HVAC external controller)",
				"25": "洗碗机(Dishwasher)",
				"26": "地暖 (Floor heating)",
				"27": "加湿器(Humidifier)",
				"28": "取暖器(Heater)",
				"29": "电饭煲(Rice cooker)",
				"30": "洗衣机(Washing machine)",
				"31": "智能门锁 (Smart door lock)",
				"32": "灭蚊器(Mosquito killer)",
				"33": "风扇 (Fan)",
				"34": "空气净化器(Air purifier)",
				"35": "油烟机(Range hood)",
				"36": "家居调光面板 (Home dimming panel)"
			}
		}
	},
	"API": {
		"Client.Client": {
			"命令": "Client.Client",
			"语法": "Client.Client Address=\"parameter\" Parameter=\"parameter\" Content=\"parameter\"",
			"说明": "Address=访问URL地址 Parameter=HttpPost参数 Content=HttpsPost参数",
			"返回": "类型:StringJson字符串",
			"用途": "Client.Client用于ESP8266与特定服务器通信，是专门API"
		},
		"Client.http": {
			"命令": "Client.http",
			"语法": "Client.http Address=\"paramete\"",
			"说明": "Address=StringJson字符串。JSON格式：{\"Address\":\"HttpURL地址\",\"Parameter\":\"HttpPost内容\"}",
			"返回": "类型:StringJson字符串",
			"用途": "使用Http进行访问其它资源"
		},
		"Client.https": {
			"命令": "Client.https",
			"语法": "Client.https Address=\"paramete\" Content=\"paramete\"",
			"说明": "Address=StringJson字符串、Content=HttpsPost内容。注意Address的StringJson应该包括：{\"Code\":200,\"Address\":\"https://mxlbb.bj01.bdysite.com/ipv6/server.php?client=https\",\"Singerprint\":[18,93,239,118,143,109,22,38,57,205,53,81,64,193,90,188,226,42,20,103]}",
			"返回": "类型:StringJson字符串",
			"用途": "使用Https进行访问其它资源，注意：您必须填写对应签证Https的SSL指纹。"
		},
		"Base64.Encode": {
			"命令": "Base64.Encode",
			"语法": "Base64.Encode Content=\"paramete\"",
			"说明": "Content=要加密的字符串",
			"返回": "类型:StringJson字符串",
			"用途": "使用Base64加密"
		},
		"Base64.Decode": {
			"命令": "Base64.Decode",
			"语法": "Base64.Decode Content=\"paramete\"",
			"说明": "Content=要解密的字符串",
			"返回": "类型:StringJson字符串",
			"用途": "使用Base64解密"
		},
		"Files.format": {
			"命令": "Files.format",
			"语法": "Files.format",
			"说明": "格式化文件系统",
			"返回": "类型:[true]字符串",
			"用途": "格式化储存"
		},
		"Files.begin": {
			"命令": "Files.begin",
			"语法": "Files.begin",
			"说明": "载入磁盘文件管理系统",
			"返回": "类型:[true]字符串",
			"用途": "初始化文件操作"
		},
		"Files.end": {
			"命令": "Files.end",
			"语法": "Files.end",
			"说明": "结束磁盘文件管理系统",
			"返回": "类型:[true]字符串",
			"用途": "结束文件操作"
		},
		"Files.ListDir": {
			"命令": "Files.ListDir",
			"语法": "Files.ListDir Address=\"paramete\"",
			"说明": "Address=文件路径",
			"返回": "类型:StringJson字符串",
			"用途": "查看目录文件"
		},
		"Files.Read": {
			"命令": "Files.Read",
			"语法": "Files.Read Address=\"paramete\"",
			"说明": "Address=文件路径",
			"返回": "类型:StringJson字符串",
			"用途": "读取文件内容"
		},
		"Files.Write": {
			"命令": "Files.Write",
			"语法": "Files.Write Address=\"paramete\" Content=\"paramete\"",
			"说明": "Address=文件路径、Content=文件内容",
			"返回": "类型:[true]或[false]字符串",
			"用途": "写入文件"
		},
		"Files.Append": {
			"命令": "Files.Append",
			"语法": "Files.Append Address=\"paramete\" Content=\"paramete\"",
			"说明": "Address=文件路径、Content=文件内容",
			"返回": "类型:[true]或[false]字符串",
			"用途": "追加写入文件内容"
		},
		"Files.Rename": {
			"命令": "Files.Rename",
			"语法": "Files.Rename Address=\"paramete\" ReAddress=\"paramete\"",
			"说明": "Address=源文件路径、ReAddress=目标文件路径",
			"返回": "类型:[true]或[false]字符串",
			"用途": "重命名文件"
		},
		"Files.Delete": {
			"命令": "Files.Delete",
			"语法": "Files.Delete Address=\"paramete\"",
			"说明": "Address=文件路径",
			"返回": "类型:[true]或[false]字符串",
			"用途": "删除文件"
		},
		"NetWork.Test": {
			"命令": "NetWork.Test",
			"语法": "NetWork.Test",
			"说明": "获取NetWork所有功能数据",
			"返回": "类型:StringJson字符串",
			"用途": "测试网络"
		},
		"NetWork.begin": {
			"命令": "NetWork.begin",
			"语法": "NetWork.begin Content=\"paramete\"",
			"说明": "Content=字符串",
			"返回": "类型:[true]字符串",
			"用途": "定义设备名称"
		},
		"NetWork.Admin": {
			"命令": "NetWork.Admin",
			"语法": "NetWork.Admin",
			"说明": "使用NetWork.Scan、NetWork.Connect、NetWork.SmartConfig的组合",
			"返回": "类型:[true]字符串",
			"用途": "智能管理WLAN网络接入"
		},
		"NetWork.Scan": {
			"命令": "NetWork.Scan",
			"语法": "NetWork.Scan",
			"说明": "扫描附近的WLAN信号源",
			"返回": "类型:StringJson字符串",
			"用途": "扫面WiFi"
		},
		"NetWork.Connect": {
			"命令": "NetWork.Connect",
			"语法": "NetWork.Connect",
			"说明": "连接上一次的WLAN",
			"返回": "类型:[int]字符串",
			"用途": "连接网络"
		},
		"NetWork.SmartConfig": {
			"命令": "NetWork.SmartConfig",
			"语法": "NetWork.SmartConfig",
			"说明": "一键配网：可使用微信、EspTouch等包含乐鑫SmartConfig源码APK",
			"返回": "类型:[int]字符串",
			"用途": "配置WLAN网络"
		},
		"NetWork.Reset": {
			"命令": "NetWork.Reset",
			"语法": "NetWork.Reset",
			"说明": "清除配置储存的WLAN配置信息",
			"返回": "类型:[true]字符串",
			"用途": "重置网络"
		},
		"NetWork.IP": {
			"命令": "NetWork.IP",
			"语法": "NetWork.IP",
			"说明": "包含网络名称、网络密码、IP地址、MAC地址、DNS地址的参数",
			"返回": "类型:StringJson字符串",
			"用途": "显示网络状态"
		},
		"Sensor.Test": {
			"命令": "Sensor.Test",
			"语法": "Sensor.Test",
			"说明": "获取设备所有传感器数据",
			"返回": "类型:StringJson字符串",
			"用途": "测试传感器"
		},
		"Sensor.begin": {
			"命令": "Sensor.begin",
			"语法": "Sensor.begin",
			"说明": "请在void setup()函数调用初始化GPIO。不然发生GPIO不可用",
			"返回": "类型:[true]字符串",
			"用途": "初始化GPIO引脚"
		},
		"Sensor.Init": {
			"命令": "Sensor.Init",
			"语法": "Sensor.Init",
			"说明": "设置GPIO默认值",
			"返回": "类型:[true]字符串",
			"用途": "初始化GPIO值"
		},
		"Sensor.PIR": {
			"命令": "Sensor.PIR",
			"语法": "Sensor.PIR",
			"说明": "PIR=热释电：感应环境有无温度变化",
			"返回": "类型:[true]或[false]字符串",
			"用途": "人体感应"
		},
		"Sensor.MQ2": {
			"命令": "Sensor.MQ2",
			"语法": "Sensor.MQ2",
			"说明": "对可燃性气体进行检测并返回正值",
			"返回": "类型:[int]字符串",
			"用途": "烟雾传感器"
		},
		"Sensor.Thermometer": {
			"命令": "Sensor.Thermometer",
			"语法": "Sensor.Thermometer",
			"说明": "获取温度、湿度、华氏温度、热度指数等",
			"返回": "类型:StringJson字符串",
			"用途": "温湿计"
		},
		"Sensor.Buzzer ": {
			"命令": "Sensor.Buzzer ",
			"语法": "Sensor.Buzzer Content=\"paramete\"",
			"说明": "使用PWM原理。PWM值0-1023",
			"返回": "类型:[int]字符串",
			"用途": "蜂鸣器"
		},
		"Sensor.LightWarm": {
			"命令": "Sensor.LightWarm",
			"语法": "Sensor.LightWarm Content=\"paramete\"",
			"说明": "使用PWM原理。PWM值0-1023",
			"返回": "类型:[int]字符串",
			"用途": "暖光"
		},
		"Sensor.LightCold": {
			"命令": "Sensor.LightCold",
			"语法": "Sensor.LightCold Content=\"paramete\"",
			"说明": "使用PWM原理。PWM值0-1023",
			"返回": "类型:[int]字符串",
			"用途": "冷光"
		},
		"Sensor.Switch": {
			"命令": "Sensor.Switch",
			"语法": "Sensor.Switch Content=\"paramete\"",
			"说明": "开关",
			"返回": "类型:BOOL",
			"用途": "通断"
		},
		"Status.Core": {
			"命令": "Status.Core",
			"语法": "Status.Core",
			"说明": "获取常用硬件信息",
			"返回": "类型:StringJson字符串",
			"用途": "硬件信息"
		},
		"Status.All": {
			"命令": "Status.All",
			"语法": "Status.All",
			"说明": "获取全部硬件信息",
			"返回": "类型:StringJson字符串",
			"用途": "硬件信息"
		},
		"ESP.restart": {
			"命令": "ESP.restart",
			"语法": "ESP.restart",
			"说明": "硬复位：寄存器回归到原始状态，即丢失寄存器数据",
			"返回": "Void",
			"用途": "硬重启"
		},
		"ESP.reset": {
			"命令": "ESP.reset",
			"语法": "ESP.reset",
			"说明": "软复位：部分数据不会丢失",
			"返回": "Void",
			"用途": "软重启"
		},
		"Api.Client": {
			"命令": "Api.Client",
			"语法": "Api.Client",
			"说明": "写入云端HTTP信息",
			"返回": "Void",
			"用途": "设置云端"
		},
		"Api.Parameter": {
			"命令": "Api.Parameter",
			"语法": "Api.Parameter",
			"说明": "写入设备信息",
			"返回": "Void",
			"用途": "设置信息"
		},
		"Api.Help": {
			"命令": "Api.Help",
			"语法": "Api.Help",
			"说明": "Api调用使用帮助",
			"返回": "Void",
			"用途": "帮助文档"
		}
	}
}